Id,Label,Terms,Datatype,Pattern,Unit,Enumeration,MissingValueCodes,Notes,Description,Section,Cardinality,MissingValueCodes,Provenance,SeeAlso
nih_record_id,User ID,,string,,,,"""-9999""=[Reason Unknown] |""-9960""=[This information was not provided by the originator (participant or sensor)] |""-9985""=[Data was invalid (wrong format, wrong or unknown units, not parseable, or impossible value)] |""-9944""=[This element (question or variable) was not presented to user for collection (reason unspecified)]",,,Identity,single,,,
nih_age,What is your age?,PATO:0000011,integer,,year,,"""-9999""=[Reason Unknown] |""-9960""=[This information was not provided by the originator (participant or sensor)] |""-9985""=[Data was invalid (wrong format, wrong or unknown units, not parseable, or impossible value)] |""-9944""=[This element (question or variable) was not presented to user for collection (reason unspecified)]",,,Age,single,,,
alcohol_date_mdy,Date of Alcohol/Tobacco Use Collection  MM/DD/YYYY,,dateTime,,,,"""-9999""=[Reason Unknown] |""-9960""=[This information was not provided by the originator (participant or sensor)] |""-9985""=[Data was invalid (wrong format, wrong or unknown units, not parseable, or impossible value)] |""-9944""=[This element (question or variable) was not presented to user for collection (reason unspecified)]",,,,,,,
nih_alcohol_frequency,How often did you have a drink containing alcohol ?,"GSSO:006602
NCIT:C81229
NCIT:C16273",integer,,,"""0""=[Never] |
""1""=[Monthly Or Less] |
""2""=[Two To Four Times Per Month] |
""3""=[Two To Three Times Per Week] |
""4""=[Four Or More Times Per Week] |
""98""=[Don't know] |
""99""=[Prefer not to answer]","""-9999""=[Reason Unknown] |""-9960""=[This information was not provided by the originator (participant or sensor)] |""-9985""=[Data was invalid (wrong format, wrong or unknown units, not parseable, or impossible value)] |""-9944""=[This element (question or variable) was not presented to user for collection (reason unspecified)]",,,Medical History,single,,,
nih_sex,What is your biological sex assigned at birth?,"NCIT:C124436
PATO:0000047",integer,,,"""0""=[Female] |
""1""=[Male] |
""2""=[Intersex] |
""3""=[Non-binary] |
""96""=[None of these describe me] |
""99""=[Prefer not to answer]","""-9999""=[Reason Unknown] |""-9960""=[This information was not provided by the originator (participant or sensor)] |""-9985""=[Data was invalid (wrong format, wrong or unknown units, not parseable, or impossible value)] |""-9944""=[This element (question or variable) was not presented to user for collection (reason unspecified)]",,,Sex,single,,,
nih_asthma,Asthma,MONDO:0004979,integer,,,"""0""=[No] |
""1""=[Yes] |
""97""=[Other] |
""98""=[Don’t know] |
""99""=[Prefer not to answer]","""-9999""=[Reason Unknown] |""-9960""=[This information was not provided by the originator (participant or sensor)] |""-9985""=[Data was invalid (wrong format, wrong or unknown units, not parseable, or impossible value)] |""-9944""=[This element (question or variable) was not presented to user for collection (reason unspecified)]",,,Medical History,single,,,
nih_alc_sub_abuse,Alcohol or substance use disorder,"MONDO:0002494
MONDO:0021698",integer,,,"""0""=[No] |
""1""=[Yes] |
""97""=[Other] |
""98""=[Don’t know] |
""99""=[Prefer not to answer]","""-9999""=[Reason Unknown] |""-9960""=[This information was not provided by the originator (participant or sensor)] |""-9985""=[Data was invalid (wrong format, wrong or unknown units, not parseable, or impossible value)] |""-9944""=[This element (question or variable) was not presented to user for collection (reason unspecified)]",,,Medical History,single,,,
nih_autoimm,Autoimmune disease,MONDO:0007179,integer,,,"""0""=[No] |
""1""=[Yes] |
""97""=[Other] |
""98""=[Don’t know] |
""99""=[Prefer not to answer]","""-9999""=[Reason Unknown] |""-9960""=[This information was not provided by the originator (participant or sensor)] |""-9985""=[Data was invalid (wrong format, wrong or unknown units, not parseable, or impossible value)] |""-9944""=[This element (question or variable) was not presented to user for collection (reason unspecified)]",,,Medical History,single,,,
nih_cancer_past_yr,Cancer diagnosis and/or treatment within the past 12 months,MONDO:0004992,integer,,,"""0""=[No] |
""1""=[Yes] |
""97""=[Other] |
""98""=[Don’t know] |
""99""=[Prefer not to answer]","""-9999""=[Reason Unknown] |""-9960""=[This information was not provided by the originator (participant or sensor)] |""-9985""=[Data was invalid (wrong format, wrong or unknown units, not parseable, or impossible value)] |""-9944""=[This element (question or variable) was not presented to user for collection (reason unspecified)]",,,Medical History,single,,,
nih_chronic_kidney_disease,Chronic kidney disease,MONDO:0005300,integer,,,"""0""=[No] |
""1""=[Yes] |
""97""=[Other] |
""98""=[Don’t know] |
""99""=[Prefer not to answer]","""-9999""=[Reason Unknown] |""-9960""=[This information was not provided by the originator (participant or sensor)] |""-9985""=[Data was invalid (wrong format, wrong or unknown units, not parseable, or impossible value)] |""-9944""=[This element (question or variable) was not presented to user for collection (reason unspecified)]",,,Medical History,single,,,
nih_chronic_lung,Other chronic lung disease,MONDO:0005275,integer,,,"""0""=[No] |
""1""=[Yes] |
""97""=[Other] |
""98""=[Don’t know] |
""99""=[Prefer not to answer]","""-9999""=[Reason Unknown] |""-9960""=[This information was not provided by the originator (participant or sensor)] |""-9985""=[Data was invalid (wrong format, wrong or unknown units, not parseable, or impossible value)] |""-9944""=[This element (question or variable) was not presented to user for collection (reason unspecified)]",,,Medical History,single,,,
nih_copd,Chronic obstructive pulmonary disease (COPD),MONDO:0005002,integer,,,"""0""=[No] |
""1""=[Yes] |
""97""=[Other] |
""98""=[Don’t know] |
""99""=[Prefer not to answer]","""-9999""=[Reason Unknown] |""-9960""=[This information was not provided by the originator (participant or sensor)] |""-9985""=[Data was invalid (wrong format, wrong or unknown units, not parseable, or impossible value)] |""-9944""=[This element (question or variable) was not presented to user for collection (reason unspecified)]",,,Medical History,single,,,
nih_cardiovascular_disease,Cardiovascular disease,MONDO:0004995,integer,,,"""0""=[No] |
""1""=[Yes] |
""97""=[Other] |
""98""=[Don’t know] |
""99""=[Prefer not to answer]","""-9999""=[Reason Unknown] |""-9960""=[This information was not provided by the originator (participant or sensor)] |""-9985""=[Data was invalid (wrong format, wrong or unknown units, not parseable, or impossible value)] |""-9944""=[This element (question or variable) was not presented to user for collection (reason unspecified)]",,,Medical History,single,,,
nih_depression,Depression,MONDO:0002050,integer,,,"""0""=[No] |
""1""=[Yes] |
""97""=[Other] |
""98""=[Don’t know] |
""99""=[Prefer not to answer]","""-9999""=[Reason Unknown] |""-9960""=[This information was not provided by the originator (participant or sensor)] |""-9985""=[Data was invalid (wrong format, wrong or unknown units, not parseable, or impossible value)] |""-9944""=[This element (question or variable) was not presented to user for collection (reason unspecified)]",,,Medical History,single,,,
nih_diabetes,Diabetes,MONDO:0005015,integer,,,"""0""=[No] |
""1""=[Yes] |
""97""=[Other] |
""98""=[Don’t know] |
""99""=[Prefer not to answer]","""-9999""=[Reason Unknown] |""-9960""=[This information was not provided by the originator (participant or sensor)] |""-9985""=[Data was invalid (wrong format, wrong or unknown units, not parseable, or impossible value)] |""-9944""=[This element (question or variable) was not presented to user for collection (reason unspecified)]",,,Medical History,single,,,
nih_hypertension,Hypertension,MONDO:0005044,integer,,,"""0""=[No] |
""1""=[Yes] |
""97""=[Other] |
""98""=[Don’t know] |
""99""=[Prefer not to answer]","""-9999""=[Reason Unknown] |""-9960""=[This information was not provided by the originator (participant or sensor)] |""-9985""=[Data was invalid (wrong format, wrong or unknown units, not parseable, or impossible value)] |""-9944""=[This element (question or variable) was not presented to user for collection (reason unspecified)]",,,Medical History,single,,,
nih_immunocompromised,Immunocompromised condition,HP:0002721,integer,,,"""0""=[No] |
""1""=[Yes] |
""97""=[Other] |
""98""=[Don’t know] |
""99""=[Prefer not to answer]","""-9999""=[Reason Unknown] |""-9960""=[This information was not provided by the originator (participant or sensor)] |""-9985""=[Data was invalid (wrong format, wrong or unknown units, not parseable, or impossible value)] |""-9944""=[This element (question or variable) was not presented to user for collection (reason unspecified)]",,,Medical History,single,,,
nih_iv_drug_use,Intravenous drug use,,integer,,,"""0""=[No] |
""1""=[Yes] |
""97""=[Other] |
""98""=[Don’t know] |
""99""=[Prefer not to answer]","""-9999""=[Reason Unknown] |""-9960""=[This information was not provided by the originator (participant or sensor)] |""-9985""=[Data was invalid (wrong format, wrong or unknown units, not parseable, or impossible value)] |""-9944""=[This element (question or variable) was not presented to user for collection (reason unspecified)]",,,Medical History,single,,,
nih_other_chronic_cond,Other chronic condition,NCIT:C165593,integer,,,"""0""=[No] |
""1""=[Yes] |
""97""=[Other] |
""98""=[Don’t know] |
""99""=[Prefer not to answer]","""-9999""=[Reason Unknown] |""-9960""=[This information was not provided by the originator (participant or sensor)] |""-9985""=[Data was invalid (wrong format, wrong or unknown units, not parseable, or impossible value)] |""-9944""=[This element (question or variable) was not presented to user for collection (reason unspecified)]",,,Medical History,single,,,
nih_mental_health_disorder,Mental health disorder,MONDO:0005084,integer,,,"""0""=[No] |
""1""=[Yes] |
""97""=[Other] |
""98""=[Don’t know] |
""99""=[Prefer not to answer]","""-9999""=[Reason Unknown] |""-9960""=[This information was not provided by the originator (participant or sensor)] |""-9985""=[Data was invalid (wrong format, wrong or unknown units, not parseable, or impossible value)] |""-9944""=[This element (question or variable) was not presented to user for collection (reason unspecified)]",,,Medical History,single,,,
nih_sickle_cell_disease,Sickle cell disease,NCIT:C34383,integer,,,"""0""=[No] |
""1""=[Yes] |
""97""=[Other] |
""98""=[Don’t know] |
""99""=[Prefer not to answer]","""-9999""=[Reason Unknown] |""-9960""=[This information was not provided by the originator (participant or sensor)] |""-9985""=[Data was invalid (wrong format, wrong or unknown units, not parseable, or impossible value)] |""-9944""=[This element (question or variable) was not presented to user for collection (reason unspecified)]",,,Medical History,single,,,
consent_given,Is consent required for this study?,,int,,,"""0""=[No] |""1""=[Yes] ","""-9999""=[Reason Unknown] |""-9960""=[This information was not provided by the originator (participant or sensor)] |""-9985""=[Data was invalid (wrong format, wrong or unknown units, not parseable, or impossible value)] |""-9944""=[This element (question or variable) was not presented to user for collection (reason unspecified)]",,,,,,,
consent_recontact,I agree to be contacted for future research.,,int,,,"""0""=[No] |""1""=[Yes] ","""-9999""=[Reason Unknown] |""-9960""=[This information was not provided by the originator (participant or sensor)] |""-9985""=[Data was invalid (wrong format, wrong or unknown units, not parseable, or impossible value)] |""-9944""=[This element (question or variable) was not presented to user for collection (reason unspecified)]",,,,,,,
consentdt_mdy,Date of Consent     MM/DD/YYYY,,dateTime,,,,"""-9999""=[Reason Unknown] |""-9960""=[This information was not provided by the originator (participant or sensor)] |""-9985""=[Data was invalid (wrong format, wrong or unknown units, not parseable, or impossible value)] |""-9944""=[This element (question or variable) was not presented to user for collection (reason unspecified)]",,,,,,,
cov_pan_chal_hlth_2,Getting the health care I need (including for mental health),,int,,,"""0""=[No, not a challenge] |""1""=[Yes, a minor challenge] |""2""=[Yes, this is a major challenge] |""99""=[Prefer not to answer] ","""-9999""=[Reason Unknown] |""-9960""=[This information was not provided by the originator (participant or sensor)] |""-9985""=[Data was invalid (wrong format, wrong or unknown units, not parseable, or impossible value)] |""-9944""=[This element (question or variable) was not presented to user for collection (reason unspecified)]",,,,,,,
cov_pan_chal_med_2,Getting the medicine I need,,int,,,"""0""=[No, not a challenge] |""1""=[Yes, a minor challenge] |""2""=[Yes, this is a major challenge] |""99""=[Prefer not to answer] ","""-9999""=[Reason Unknown] |""-9960""=[This information was not provided by the originator (participant or sensor)] |""-9985""=[Data was invalid (wrong format, wrong or unknown units, not parseable, or impossible value)] |""-9944""=[This element (question or variable) was not presented to user for collection (reason unspecified)]",,,,,,,
cov_pan_chlng_trans_2,Getting to where I need to go ,,int,,,"""0""=[No, not a challenge] |""1""=[Yes, a minor challenge] |""2""=[Yes, this is a major challenge] |""99""=[Prefer not to answer] ","""-9999""=[Reason Unknown] |""-9960""=[This information was not provided by the originator (participant or sensor)] |""-9985""=[Data was invalid (wrong format, wrong or unknown units, not parseable, or impossible value)] |""-9944""=[This element (question or variable) was not presented to user for collection (reason unspecified)]",,,,,,,
cov_tst_mthd_2,How were you tested for your most recent test? ,,int,,,"""1""=[Nasal Swab] |""2""=[Throat Swab] |""3""=[Blood Sample] |""4""=[Saliva] |""99""=[Prefer not to answer] ","""-9999""=[Reason Unknown] |""-9960""=[This information was not provided by the originator (participant or sensor)] |""-9985""=[Data was invalid (wrong format, wrong or unknown units, not parseable, or impossible value)] |""-9944""=[This element (question or variable) was not presented to user for collection (reason unspecified)]",,,,,,,
nih_abdom_pain,Abdominal pain,HP:0002027,integer,,,"""0""=[No] |
""1""=[Yes] |
""97""=[Other] |
""98""=[Don’t know] |
""99""=[Prefer not to answer]","""-9999""=[Reason Unknown] |""-9960""=[This information was not provided by the originator (participant or sensor)] |""-9985""=[Data was invalid (wrong format, wrong or unknown units, not parseable, or impossible value)] |""-9944""=[This element (question or variable) was not presented to user for collection (reason unspecified)]",,,Symptoms,single,,,
nih_cough,Cough,HP:0012735,integer,,,"""0""=[No] |
""1""=[Yes] |
""97""=[Other] |
""98""=[Don’t know] |
""99""=[Prefer not to answer]","""-9999""=[Reason Unknown] |""-9960""=[This information was not provided by the originator (participant or sensor)] |""-9985""=[Data was invalid (wrong format, wrong or unknown units, not parseable, or impossible value)] |""-9944""=[This element (question or variable) was not presented to user for collection (reason unspecified)]",,,Symptoms,single,,,
nih_diff_breath,Shortness of breath or difficulty breathing,,integer,,,"""0""=[No] |
""1""=[Yes] |
""97""=[Other] |
""98""=[Don’t know] |
""99""=[Prefer not to answer]","""-9999""=[Reason Unknown] |""-9960""=[This information was not provided by the originator (participant or sensor)] |""-9985""=[Data was invalid (wrong format, wrong or unknown units, not parseable, or impossible value)] |""-9944""=[This element (question or variable) was not presented to user for collection (reason unspecified)]",,,Symptoms,single,,,
nih_fatigue,Excessive fatigue,HP:0012378,integer,,,"""0""=[No] |
""1""=[Yes] |
""97""=[Other] |
""98""=[Don’t know] |
""99""=[Prefer not to answer]","""-9999""=[Reason Unknown] |""-9960""=[This information was not provided by the originator (participant or sensor)] |""-9985""=[Data was invalid (wrong format, wrong or unknown units, not parseable, or impossible value)] |""-9944""=[This element (question or variable) was not presented to user for collection (reason unspecified)]",,,Symptoms,single,,,
nih_fever_chills,Fever or Chills,"HP:0001945
HP:0025143",integer,,,"""0""=[No] |
""1""=[Yes] |
""97""=[Other] |
""98""=[Don’t know] |
""99""=[Prefer not to answer]","""-9999""=[Reason Unknown] |""-9960""=[This information was not provided by the originator (participant or sensor)] |""-9985""=[Data was invalid (wrong format, wrong or unknown units, not parseable, or impossible value)] |""-9944""=[This element (question or variable) was not presented to user for collection (reason unspecified)]",,,Symptoms,single,,,
nih_headache,Headache,HP:0002315,integer,,,"""0""=[No] |
""1""=[Yes] |
""97""=[Other] |
""98""=[Don’t know] |
""99""=[Prefer not to answer]","""-9999""=[Reason Unknown] |""-9960""=[This information was not provided by the originator (participant or sensor)] |""-9985""=[Data was invalid (wrong format, wrong or unknown units, not parseable, or impossible value)] |""-9944""=[This element (question or variable) was not presented to user for collection (reason unspecified)]",,,Symptoms,single,,,
nih_muscle_ache,Muscle ache,HP:0033047,integer,,,"""0""=[No] |
""1""=[Yes] |
""97""=[Other] |
""98""=[Don’t know] |
""99""=[Prefer not to answer]","""-9999""=[Reason Unknown] |""-9960""=[This information was not provided by the originator (participant or sensor)] |""-9985""=[Data was invalid (wrong format, wrong or unknown units, not parseable, or impossible value)] |""-9944""=[This element (question or variable) was not presented to user for collection (reason unspecified)]",,,Symptoms,single,,,
nih_nausea_vomiting_diarrhea,"Nausea, vomiting, or diarrhea","HP:0002017
",integer,,,"""0""=[No] |
""1""=[Yes] |
""97""=[Other] |
""98""=[Don’t know] |
""99""=[Prefer not to answer]","""-9999""=[Reason Unknown] |""-9960""=[This information was not provided by the originator (participant or sensor)] |""-9985""=[Data was invalid (wrong format, wrong or unknown units, not parseable, or impossible value)] |""-9944""=[This element (question or variable) was not presented to user for collection (reason unspecified)]",,,Symptoms,single,,,
nih_olfactory,New loss of taste or smell,"HP:0000458
HP:0004409
HP:0000224",integer,,,"""0""=[No] |
""1""=[Yes] |
""97""=[Other] |
""98""=[Don’t know] |
""99""=[Prefer not to answer]","""-9999""=[Reason Unknown] |""-9960""=[This information was not provided by the originator (participant or sensor)] |""-9985""=[Data was invalid (wrong format, wrong or unknown units, not parseable, or impossible value)] |""-9944""=[This element (question or variable) was not presented to user for collection (reason unspecified)]",,,Symptoms,single,,,
nih_other_symp,Other,,integer,,,"""0""=[No] |
""1""=[Yes] |
""97""=[Other] |
""98""=[Don’t know] |
""99""=[Prefer not to answer]","""-9999""=[Reason Unknown] |""-9960""=[This information was not provided by the originator (participant or sensor)] |""-9985""=[Data was invalid (wrong format, wrong or unknown units, not parseable, or impossible value)] |""-9944""=[This element (question or variable) was not presented to user for collection (reason unspecified)]",,,Symptoms,single,,,
covid_pandemic_challenges_abod_2,Having a place to stay/live,,int,,,"""0""=[No, not a challenge] |""1""=[Yes, a minor challenge] |""2""=[Yes, this is a major challenge] |""99""=[Prefer not to answer] ","""-9999""=[Reason Unknown] |""-9960""=[This information was not provided by the originator (participant or sensor)] |""-9985""=[Data was invalid (wrong format, wrong or unknown units, not parseable, or impossible value)] |""-9944""=[This element (question or variable) was not presented to user for collection (reason unspecified)]",,,,,,,
covid_pandemic_challenges_food_2,Getting enough food to eat,,int,,,"""0""=[No, not a challenge] |""1""=[Yes, a minor challenge] |""2""=[Yes, this is a major challenge] |""99""=[Prefer not to answer] ","""-9999""=[Reason Unknown] |""-9960""=[This information was not provided by the originator (participant or sensor)] |""-9985""=[Data was invalid (wrong format, wrong or unknown units, not parseable, or impossible value)] |""-9944""=[This element (question or variable) was not presented to user for collection (reason unspecified)]",,,,,,,
covid_pandemic_challenges_wate_2,Having clean water to drink,,int,,,"""0""=[No, not a challenge] |""1""=[Yes, a minor challenge] |""2""=[Yes, this is a major challenge] |""99""=[Prefer not to answer] ","""-9999""=[Reason Unknown] |""-9960""=[This information was not provided by the originator (participant or sensor)] |""-9985""=[Data was invalid (wrong format, wrong or unknown units, not parseable, or impossible value)] |""-9944""=[This element (question or variable) was not presented to user for collection (reason unspecified)]",,,,,,,
nih_throat_congestion_nose,"Sore throat, congestion or runny nose",,integer,,,"""0""=[No] |
""1""=[Yes] |
""97""=[Other] |
""98""=[Don’t know] |
""99""=[Prefer not to answer]","""-9999""=[Reason Unknown] |""-9960""=[This information was not provided by the originator (participant or sensor)] |""-9985""=[Data was invalid (wrong format, wrong or unknown units, not parseable, or impossible value)] |""-9944""=[This element (question or variable) was not presented to user for collection (reason unspecified)]",,,Symptoms,single,,,
nih_skin_rash,Skin rash,HP:0000988,integer,,,"""0""=[No] |
""1""=[Yes] |
""97""=[Other] |
""98""=[Don’t know] |
""99""=[Prefer not to answer]","""-9999""=[Reason Unknown] |""-9960""=[This information was not provided by the originator (participant or sensor)] |""-9985""=[Data was invalid (wrong format, wrong or unknown units, not parseable, or impossible value)] |""-9944""=[This element (question or variable) was not presented to user for collection (reason unspecified)]",,,Symptoms,single,,,
covid_test_approval,Quality and Regulatory,,int,,,"""1""=[CLIA/CP certified] |""2""=[CLIA Waiver] |""3""=[FDA authorized (EUA)] |""4""=[FDA cleared] |""5""=[LDT] |""90""=[Other (specify)] ","""-9999""=[Reason Unknown] |""-9960""=[This information was not provided by the originator (participant or sensor)] |""-9985""=[Data was invalid (wrong format, wrong or unknown units, not parseable, or impossible value)] |""-9944""=[This element (question or variable) was not presented to user for collection (reason unspecified)]",,,,,,,
covid_test_collect_datetime,Date and time specimen collected,,dateTime,,,,"""-9999""=[Reason Unknown] |""-9960""=[This information was not provided by the originator (participant or sensor)] |""-9985""=[Data was invalid (wrong format, wrong or unknown units, not parseable, or impossible value)] |""-9944""=[This element (question or variable) was not presented to user for collection (reason unspecified)]",,,,,,,
covid_test_collection_setting,Test Collection Setting,,int,,,"""1""=[Clinic] |""2""=[Drive-through] |""3""=[Home] |""4""=[Mobile unit] |""5""=[Lab] |""6""=[Mail-in] |""7""=[Community location (e.g., church, school, community center, etc.)] |""90""=[Other, Specify] ","""-9999""=[Reason Unknown] |""-9960""=[This information was not provided by the originator (participant or sensor)] |""-9985""=[Data was invalid (wrong format, wrong or unknown units, not parseable, or impossible value)] |""-9944""=[This element (question or variable) was not presented to user for collection (reason unspecified)]",,,,,,,
covid_test_date_mdy,Date of COVID Test Information Collection,,dateTime,,,,"""-9999""=[Reason Unknown] |""-9960""=[This information was not provided by the originator (participant or sensor)] |""-9985""=[Data was invalid (wrong format, wrong or unknown units, not parseable, or impossible value)] |""-9944""=[This element (question or variable) was not presented to user for collection (reason unspecified)]",,,,,,,
covid_test_performed_location,Test Performed Location,,int,,,"""1""=[Clinic] |""2""=[Drive-through] |""3""=[Home] |""4""=[Mobile unit] |""5""=[Lab] |""6""=[Mail-in] |""7""=[Community location (e.g., church, school, community center, etc.)] |""90""=[Other, Specify] ","""-9999""=[Reason Unknown] |""-9960""=[This information was not provided by the originator (participant or sensor)] |""-9985""=[Data was invalid (wrong format, wrong or unknown units, not parseable, or impossible value)] |""-9944""=[This element (question or variable) was not presented to user for collection (reason unspecified)]",,,,,,,
covid_test_result,Test result,,int,,,"""1""=[Positive] |""2""=[Negative] |""3""=[Failed] |""4""=[Lost] |""90""=[Other] ","""-9999""=[Reason Unknown] |""-9960""=[This information was not provided by the originator (participant or sensor)] |""-9985""=[Data was invalid (wrong format, wrong or unknown units, not parseable, or impossible value)] |""-9944""=[This element (question or variable) was not presented to user for collection (reason unspecified)]",,,,,,,
covid_test_result_datetime,Date and time result received,,dateTime,,,,"""-9999""=[Reason Unknown] |""-9960""=[This information was not provided by the originator (participant or sensor)] |""-9985""=[Data was invalid (wrong format, wrong or unknown units, not parseable, or impossible value)] |""-9944""=[This element (question or variable) was not presented to user for collection (reason unspecified)]",,,,,,,
covid_test_result_sent_datetime,Date and time result sent to participant,,dateTime,,,,"""-9999""=[Reason Unknown] |""-9960""=[This information was not provided by the originator (participant or sensor)] |""-9985""=[Data was invalid (wrong format, wrong or unknown units, not parseable, or impossible value)] |""-9944""=[This element (question or variable) was not presented to user for collection (reason unspecified)]",,,,,,,
covid_test_specimen_collector,Specimen Collector,,int,,,"""1""=[Self-collect] |""2""=[Health Care Provider collected] |""90""=[Other, Specify] ","""-9999""=[Reason Unknown] |""-9960""=[This information was not provided by the originator (participant or sensor)] |""-9985""=[Data was invalid (wrong format, wrong or unknown units, not parseable, or impossible value)] |""-9944""=[This element (question or variable) was not presented to user for collection (reason unspecified)]",,,,,,,
covid_test_specimen_type,Specimen Type,,int,,,"""1""=[Anterior nasal swab] |""2""=[Mid-turbinate nasal swab] |""3""=[Nasopharyngeal swab] |""4""=[Oropharyngeal swab] |""5""=[Nasal lavage] |""6""=[Saliva] |""7""=[Sputum] |""8""=[Whole blood] |""90""=[Other, Specify] ","""-9999""=[Reason Unknown] |""-9960""=[This information was not provided by the originator (participant or sensor)] |""-9985""=[Data was invalid (wrong format, wrong or unknown units, not parseable, or impossible value)] |""-9944""=[This element (question or variable) was not presented to user for collection (reason unspecified)]",,,,,,,
covid_test_study_setting,Study Setting,,int,,,"""1""=[Community health center] |""2""=[Nursing home or long-term care facility] |""3""=[Prison or correctional facility] |""4""=[Public housing] |""5""=[Rural] |""6""=[Urban] |""7""=[School] |""8""=[In-home] |""90""=[Other, Specify] ","""-9999""=[Reason Unknown] |""-9960""=[This information was not provided by the originator (participant or sensor)] |""-9985""=[Data was invalid (wrong format, wrong or unknown units, not parseable, or impossible value)] |""-9944""=[This element (question or variable) was not presented to user for collection (reason unspecified)]",,,,,,,
covid_test_tar_dis_stat_2___1,Participant Testing Disease Status,,boolean,,,"""0""=[(not selected) Asymptomatic] |""1""=[Asymptomatic] ","""-9999""=[Reason Unknown] |""-9960""=[This information was not provided by the originator (participant or sensor)] |""-9985""=[Data was invalid (wrong format, wrong or unknown units, not parseable, or impossible value)] |""-9944""=[This element (question or variable) was not presented to user for collection (reason unspecified)]",,,,,,,
covid_test_tar_dis_stat_2___2,Participant Testing Disease Status,,boolean,,,"""0""=[(not selected) Pre-symptomatic illness] |""1""=[Pre-symptomatic illness] ","""-9999""=[Reason Unknown] |""-9960""=[This information was not provided by the originator (participant or sensor)] |""-9985""=[Data was invalid (wrong format, wrong or unknown units, not parseable, or impossible value)] |""-9944""=[This element (question or variable) was not presented to user for collection (reason unspecified)]",,,,,,,
covid_test_tar_dis_stat_2___3,Participant Testing Disease Status,,boolean,,,"""0""=[(not selected) Mild/Moderate outpatient illness] |""1""=[Mild/Moderate outpatient illness] ","""-9999""=[Reason Unknown] |""-9960""=[This information was not provided by the originator (participant or sensor)] |""-9985""=[Data was invalid (wrong format, wrong or unknown units, not parseable, or impossible value)] |""-9944""=[This element (question or variable) was not presented to user for collection (reason unspecified)]",,,,,,,
covid_test_tar_dis_stat_2___4,Participant Testing Disease Status,,boolean,,,"""0""=[(not selected) Acute illness] |""1""=[Acute illness] ","""-9999""=[Reason Unknown] |""-9960""=[This information was not provided by the originator (participant or sensor)] |""-9985""=[Data was invalid (wrong format, wrong or unknown units, not parseable, or impossible value)] |""-9944""=[This element (question or variable) was not presented to user for collection (reason unspecified)]",,,,,,,
covid_test_tar_dis_stat_2___5,Participant Testing Disease Status,,boolean,,,"""0""=[(not selected) Severe/Critical inpatient illness] |""1""=[Severe/Critical inpatient illness] ","""-9999""=[Reason Unknown] |""-9960""=[This information was not provided by the originator (participant or sensor)] |""-9985""=[Data was invalid (wrong format, wrong or unknown units, not parseable, or impossible value)] |""-9944""=[This element (question or variable) was not presented to user for collection (reason unspecified)]",,,,,,,
covid_test_tar_dis_stat_2___6,Participant Testing Disease Status,,boolean,,,"""0""=[(not selected) Exposed] |""1""=[Exposed] ","""-9999""=[Reason Unknown] |""-9960""=[This information was not provided by the originator (participant or sensor)] |""-9985""=[Data was invalid (wrong format, wrong or unknown units, not parseable, or impossible value)] |""-9944""=[This element (question or variable) was not presented to user for collection (reason unspecified)]",,,,,,,
covid_test_tar_dis_stat_2___9,Participant Testing Disease Status,,boolean,,,"""0""=[(not selected) Convalescent illiness] |""1""=[Convalescent illiness] ","""-9999""=[Reason Unknown] |""-9960""=[This information was not provided by the originator (participant or sensor)] |""-9985""=[Data was invalid (wrong format, wrong or unknown units, not parseable, or impossible value)] |""-9944""=[This element (question or variable) was not presented to user for collection (reason unspecified)]",,,,,,,
covid_test_type,Test Method Target,,int,,,"""1""=[Antibody] |""2""=[Antigen] |""3""=[Nucleic acid/PCR] |""4""=[Nucleic acid/Isothermal] |""5""=[Molecular/host response] |""6""=[Biochemical marker (eg, pH)] |""90""=[Other, Specify] ","""-9999""=[Reason Unknown] |""-9960""=[This information was not provided by the originator (participant or sensor)] |""-9985""=[Data was invalid (wrong format, wrong or unknown units, not parseable, or impossible value)] |""-9944""=[This element (question or variable) was not presented to user for collection (reason unspecified)]",,,,,,,
covid_vaccine,Have you received a COVID-19 vaccine?,,int,,,"""0""=[No] |""1""=[Yes] |""98""=[Prefer not to answer] |""99""=[Don't know] ","""-9999""=[Reason Unknown] |""-9960""=[This information was not provided by the originator (participant or sensor)] |""-9985""=[Data was invalid (wrong format, wrong or unknown units, not parseable, or impossible value)] |""-9944""=[This element (question or variable) was not presented to user for collection (reason unspecified)]",,,,,,,
nih_employment,Please specify your employment status.,"NCIT:C179143
NCIT:C25172",integer,,,"""0""=[Yes - Employed] |
""1""=[No - Not Employed] |
""2""=[Student] |
""3""=[Keeping household] |
""4""=[Retired] |
""5""=[Disabled or government support] |
""97""=[Other] |
""98""=[Don’t know] |
""99""=[Prefer not to answer]","""-9999""=[Reason Unknown] |""-9960""=[This information was not provided by the originator (participant or sensor)] |""-9985""=[Data was invalid (wrong format, wrong or unknown units, not parseable, or impossible value)] |""-9944""=[This element (question or variable) was not presented to user for collection (reason unspecified)]",,,Employment,single,,,
nih_education,What is the highest level of education you have achieved outside or in the United States?,NCIT:C17953,integer,,,"""0""=[Have never gone to school] |
""1""=[Some school (Includes any education received below highschool graduate level)] |
""2""=[High school graduate or GED completed] |
""3""=[Some college (graduated or not) associates degree,technical degree,or vocational degree] |
""4""=[Bachelor's degree] |
""5""=[Other advanced degree (Master's,Doctorate or Professional Doctorate)] |
""97""=[Other] |
""98""=[Don't know] |
""99""=[Prefer not to answer]","""-9999""=[Reason Unknown] |""-9960""=[This information was not provided by the originator (participant or sensor)] |""-9985""=[Data was invalid (wrong format, wrong or unknown units, not parseable, or impossible value)] |""-9944""=[This element (question or variable) was not presented to user for collection (reason unspecified)]",,,Education Level,single,,,
employed_ew,Are you considered an essential worker? An essential worker is someone who was required to go to work even when stay at home orders were in place ,,int,,,"""0""=[No] |""1""=[Yes] |""98""=[Unknown] |""99""=[Prefer not to answer] ","""-9999""=[Reason Unknown] |""-9960""=[This information was not provided by the originator (participant or sensor)] |""-9985""=[Data was invalid (wrong format, wrong or unknown units, not parseable, or impossible value)] |""-9944""=[This element (question or variable) was not presented to user for collection (reason unspecified)]",,,,,,,
employed_healthcare_2,"Would any of these describe where you work? If you work multiple jobs, select the closest match to your main job.",,int,,,"""0""=[No] |""1""=[Nursing care facilities] |""10""=[Construction] |""2""=[Visiting nurse or home health aide service] |""3""=[Building cleaning services] |""4""=[Public transportation] |""5""=[Corrections facility] |""6""=[EMT or paramedic services] |""7""=[Meat packing farm facility] |""8""=[Agriculture and food production facility] |""9""=[Grocery store] |""99""=[Prefer not to answer] ","""-9999""=[Reason Unknown] |""-9960""=[This information was not provided by the originator (participant or sensor)] |""-9985""=[Data was invalid (wrong format, wrong or unknown units, not parseable, or impossible value)] |""-9944""=[This element (question or variable) was not presented to user for collection (reason unspecified)]",,,,,,,
family_income,"In 2019, what was your total household income before taxes?",,int,,,"""1""=[Less than $15,000] |""2""=[$15,000 - $19,999] |""3""=[$20,000 - $24,999] |""4""=[$25,000 - $34,999] |""5""=[$35,000 - $49,999] |""6""=[$50,000 - $74,999] |""7""=[$75,000 - $99,999] |""8""=[$100,000 and above] |""99""=[Prefer not to answer] ","""-9999""=[Reason Unknown] |""-9960""=[This information was not provided by the originator (participant or sensor)] |""-9985""=[Data was invalid (wrong format, wrong or unknown units, not parseable, or impossible value)] |""-9944""=[This element (question or variable) was not presented to user for collection (reason unspecified)]",,,,,,,
flu_vaccine_season_3,Have you received a flu vaccine in the last 12 months?,,int,,,"""0""=[No] |""1""=[Yes] |""98""=[Don't know] |""99""=[Prefer not to answer] ","""-9999""=[Reason Unknown] |""-9960""=[This information was not provided by the originator (participant or sensor)] |""-9985""=[Data was invalid (wrong format, wrong or unknown units, not parseable, or impossible value)] |""-9944""=[This element (question or variable) was not presented to user for collection (reason unspecified)]",,,,,,,
flu_vaccinehistind_2,Have you ever received a flu vaccination?,,int,,,"""0""=[No] |""1""=[Yes] |""98""=[Don't know] |""99""=[Prefer not to answer] ","""-9999""=[Reason Unknown] |""-9960""=[This information was not provided by the originator (participant or sensor)] |""-9985""=[Data was invalid (wrong format, wrong or unknown units, not parseable, or impossible value)] |""-9944""=[This element (question or variable) was not presented to user for collection (reason unspecified)]",,,,,,,
gender_identity_term_2,What terms best express how you describe your gender identity?,,int,,,"""0""=[Man] |""1""=[Woman] |""3""=[Transgender man/Female-to-male (FTM)] |""4""=[Transgender woman/Male-to-female (MTF)] |""5""=[Gender non-binary/Genderqueer/Gender nonconforming] |""6""=[Agender] |""7""=[Bigender] |""8""=[Two-spirit] |""96""=[None of these describe me] |""99""=[Prefer not to answer] ","""-9999""=[Reason Unknown] |""-9960""=[This information was not provided by the originator (participant or sensor)] |""-9985""=[Data was invalid (wrong format, wrong or unknown units, not parseable, or impossible value)] |""-9944""=[This element (question or variable) was not presented to user for collection (reason unspecified)]",,,,,,,
nih_insurance,What kind of health insurance do you have?,NCIT:C157356,integer,,,"""0""=[None] |
""1""=[Private] |
""2""=[Public] |
""97""=[Other] |
""98""=[Don't know] |
""99""=[Prefer not to answer]","""-9999""=[Reason Unknown] |""-9960""=[This information was not provided by the originator (participant or sensor)] |""-9985""=[Data was invalid (wrong format, wrong or unknown units, not parseable, or impossible value)] |""-9944""=[This element (question or variable) was not presented to user for collection (reason unspecified)]",,,Insurance Status,single,,,
hi_loss_covid,Did you lose health coverage because of the COVID-19 pandemic?,,int,,,"""0""=[No] |""1""=[Yes] |""98""=[Prefer not to answer] |""99""=[Don't know] ","""-9999""=[Reason Unknown] |""-9960""=[This information was not provided by the originator (participant or sensor)] |""-9985""=[Data was invalid (wrong format, wrong or unknown units, not parseable, or impossible value)] |""-9944""=[This element (question or variable) was not presented to user for collection (reason unspecified)]",,,,,,,
hlthstat_date_mdy,Date of Health Status Collection,,dateTime,,,,"""-9999""=[Reason Unknown] |""-9960""=[This information was not provided by the originator (participant or sensor)] |""-9985""=[Data was invalid (wrong format, wrong or unknown units, not parseable, or impossible value)] |""-9944""=[This element (question or variable) was not presented to user for collection (reason unspecified)]",,,,,,,
household_congregate_3,Do you live in any of these?,,int,,,"""1""=[A group care setting] |""10""=[Homeless or in no consistent shelter] |""2""=[Nursing home] |""3""=[Residential care facility for people with intellectual and developmental disabilities] |""4""=[A psychiatric treatment facility] |""5""=[A group home] |""6""=[A board and care home] |""7""=[Prison or jail] |""8""=[A halfway house] |""9""=[Foster care] |""90""=[Somewhere else] |""99""=[Prefer not to answer] ","""-9999""=[Reason Unknown] |""-9960""=[This information was not provided by the originator (participant or sensor)] |""-9985""=[Data was invalid (wrong format, wrong or unknown units, not parseable, or impossible value)] |""-9944""=[This element (question or variable) was not presented to user for collection (reason unspecified)]",,,,,,,
household_famgen_3,What best describes the people at your home:,,int,,,"""1""=[Just me] |""2""=[Living with spouse, no kids] |""3""=[Family including kids] |""4""=[Family with 3 generations (parents, children, grandchildren)] |""5""=[Family with 4 generations] |""6""=[Living with roommates] |""90""=[None of these] |""99""=[Prefer not to answer] ","""-9999""=[Reason Unknown] |""-9960""=[This information was not provided by the originator (participant or sensor)] |""-9985""=[Data was invalid (wrong format, wrong or unknown units, not parseable, or impossible value)] |""-9944""=[This element (question or variable) was not presented to user for collection (reason unspecified)]",,,,,,,
household_homeless,"Are you currently living in transitional housing, staying in a shelter, or experiencing homelessness?",,int,,,"""0""=[No] |""1""=[Yes] |""98""=[Prefer not to answer] |""99""=[Don't know] ","""-9999""=[Reason Unknown] |""-9960""=[This information was not provided by the originator (participant or sensor)] |""-9985""=[Data was invalid (wrong format, wrong or unknown units, not parseable, or impossible value)] |""-9944""=[This element (question or variable) was not presented to user for collection (reason unspecified)]",,,,,,,
housing_date_mdy,"Date of Housing, Employment and Insurance Collection",,dateTime,,,,"""-9999""=[Reason Unknown] |""-9960""=[This information was not provided by the originator (participant or sensor)] |""-9985""=[Data was invalid (wrong format, wrong or unknown units, not parseable, or impossible value)] |""-9944""=[This element (question or variable) was not presented to user for collection (reason unspecified)]",,,,,,,
iden_date_mdy,Date of Identity Collection,,dateTime,,,,"""-9999""=[Reason Unknown] |""-9960""=[This information was not provided by the originator (participant or sensor)] |""-9985""=[Data was invalid (wrong format, wrong or unknown units, not parseable, or impossible value)] |""-9944""=[This element (question or variable) was not presented to user for collection (reason unspecified)]",,,,,,,
isolate_maintain_job,"If you were to test positive for COVID-19, would you be able to isolate without losing your job?",,int,,,"""1""=[Yes] |""2""=[No] |""98""=[Don't know] |""99""=[Prefer not to answer] ","""-9999""=[Reason Unknown] |""-9960""=[This information was not provided by the originator (participant or sensor)] |""-9985""=[Data was invalid (wrong format, wrong or unknown units, not parseable, or impossible value)] |""-9944""=[This element (question or variable) was not presented to user for collection (reason unspecified)]",,,,,,,
jobloss_covid19_2,"Have you, or has anyone in your household, experienced a loss of employment income since the start of the COVID-19 pandemic (March 2020)?",,int,,,"""0""=[No] |""1""=[Yes] |""99""=[Prefer not to answer] ","""-9999""=[Reason Unknown] |""-9960""=[This information was not provided by the originator (participant or sensor)] |""-9985""=[Data was invalid (wrong format, wrong or unknown units, not parseable, or impossible value)] |""-9944""=[This element (question or variable) was not presented to user for collection (reason unspecified)]",,,,,,,
language_english,Do you speak a language other than English at home?,,int,,,"""0""=[No] |""1""=[Yes] |""98""=[Prefer not to answer] ","""-9999""=[Reason Unknown] |""-9960""=[This information was not provided by the originator (participant or sensor)] |""-9985""=[Data was invalid (wrong format, wrong or unknown units, not parseable, or impossible value)] |""-9944""=[This element (question or variable) was not presented to user for collection (reason unspecified)]",,,,,,,
language_home___1,What languages are spoken at home?,,boolean,,,"""0""=[(not selected) Spanish] |""1""=[Spanish] ","""-9999""=[Reason Unknown] |""-9960""=[This information was not provided by the originator (participant or sensor)] |""-9985""=[Data was invalid (wrong format, wrong or unknown units, not parseable, or impossible value)] |""-9944""=[This element (question or variable) was not presented to user for collection (reason unspecified)]",,,,,,,
language_home___9,What languages are spoken at home?,,boolean,,,"""0""=[(not selected) English] |""1""=[English] ","""-9999""=[Reason Unknown] |""-9960""=[This information was not provided by the originator (participant or sensor)] |""-9985""=[Data was invalid (wrong format, wrong or unknown units, not parseable, or impossible value)] |""-9944""=[This element (question or variable) was not presented to user for collection (reason unspecified)]",,,,,,,
language_home___90,What languages are spoken at home?,,boolean,,,"""0""=[(not selected) Other] |""1""=[Other] ","""-9999""=[Reason Unknown] |""-9960""=[This information was not provided by the originator (participant or sensor)] |""-9985""=[Data was invalid (wrong format, wrong or unknown units, not parseable, or impossible value)] |""-9944""=[This element (question or variable) was not presented to user for collection (reason unspecified)]",,,,,,,
language_home___99,What languages are spoken at home?,,boolean,,,"""0""=[(not selected) Prefer not to answer] |""1""=[Prefer not to answer] ","""-9999""=[Reason Unknown] |""-9960""=[This information was not provided by the originator (participant or sensor)] |""-9985""=[Data was invalid (wrong format, wrong or unknown units, not parseable, or impossible value)] |""-9944""=[This element (question or variable) was not presented to user for collection (reason unspecified)]",,,,,,,
nih_lifetime_use_alcohol,"In your entire life, have you had at least 1 drink of any kind of alcohol, not counting small tastes or sips? (Yes or No)","GSSO:006602
NCIT:C81229
NCIT:C16273",integer,,,"""0""=[No] |
""1""=[Yes] |
""97""=[Other] |
""98""=[Don’t know] |
""99""=[Prefer not to answer]","""-9999""=[Reason Unknown] |""-9960""=[This information was not provided by the originator (participant or sensor)] |""-9985""=[Data was invalid (wrong format, wrong or unknown units, not parseable, or impossible value)] |""-9944""=[This element (question or variable) was not presented to user for collection (reason unspecified)]",,,Medical History,single,,,
med_hx_date_mdy,Date of Medical History Collection  MM/DD/YYYY,,dateTime,,,,"""-9999""=[Reason Unknown] |""-9960""=[This information was not provided by the originator (participant or sensor)] |""-9985""=[Data was invalid (wrong format, wrong or unknown units, not parseable, or impossible value)] |""-9944""=[This element (question or variable) was not presented to user for collection (reason unspecified)]",,,,,,,
positivemonth_covidtest_2,What month did you first test positive for COVID-19?,,int,,,"""1""=[January] |""10""=[October] |""11""=[November] |""12""=[December] |""2""=[February] |""3""=[March] |""4""=[April] |""5""=[May] |""6""=[June] |""7""=[July] |""8""=[August] |""9""=[September] |""99""=[Prefer not to answer] ","""-9999""=[Reason Unknown] |""-9960""=[This information was not provided by the originator (participant or sensor)] |""-9985""=[Data was invalid (wrong format, wrong or unknown units, not parseable, or impossible value)] |""-9944""=[This element (question or variable) was not presented to user for collection (reason unspecified)]",,,,,,,
positiveyear_covidtest_3,What year did you first test positive for COVID-19?,,int,,,"""1""=[2019] |""2""=[2020] |""3""=[2021] |""4""=[2022] |""5""=[2023] |""6""=[2024] |""7""=[2025] |""99""=[Prefer not to answer] ","""-9999""=[Reason Unknown] |""-9960""=[This information was not provided by the originator (participant or sensor)] |""-9985""=[Data was invalid (wrong format, wrong or unknown units, not parseable, or impossible value)] |""-9944""=[This element (question or variable) was not presented to user for collection (reason unspecified)]",,,,,,,
nih_pregnancy,Pregnancy status,NCIT:C69218,integer,,,"""0""=[Not Pregnant] |
""1""=[Pregnant] |
""98""=[Don't know] |
""99""=[Prefer not to answer]","""-9999""=[Reason Unknown] |""-9960""=[This information was not provided by the originator (participant or sensor)] |""-9985""=[Data was invalid (wrong format, wrong or unknown units, not parseable, or impossible value)] |""-9944""=[This element (question or variable) was not presented to user for collection (reason unspecified)]",,,Medical History,single,,,
quarantine_maintain_job,"If you would be exposed to someone with COVID-19, would you be able to quarantine without losing your job? ",,int,,,"""1""=[Yes] |""2""=[No] |""98""=[Don't know] |""99""=[Prefer not to answer] ","""-9999""=[Reason Unknown] |""-9960""=[This information was not provided by the originator (participant or sensor)] |""-9985""=[Data was invalid (wrong format, wrong or unknown units, not parseable, or impossible value)] |""-9944""=[This element (question or variable) was not presented to user for collection (reason unspecified)]",,,,,,,
nih_ethnicity,Are you of Hispanic or Latino origin? May include Spanish origin.,NCIT:C16564,integer,,,"""0""=[No, not of Hispanic or Latino origin] |
""1""=[Yes, of Hispanic or Latino origin] |
""97""=[Other] |
""98""=[Don't Know] |
""99""=[Prefer not to answer]","""-9999""=[Reason Unknown] |""-9960""=[This information was not provided by the originator (participant or sensor)] |""-9985""=[Data was invalid (wrong format, wrong or unknown units, not parseable, or impossible value)] |""-9944""=[This element (question or variable) was not presented to user for collection (reason unspecified)]",,,Ethnicity,single,,,
race_ethn_hispanic_detail_2___1,Please specify your origin,,boolean,,,"""0""=[(not selected) Mexican, Mexican Am., Chicano] |""1""=[Mexican, Mexican Am., Chicano] ","""-9999""=[Reason Unknown] |""-9960""=[This information was not provided by the originator (participant or sensor)] |""-9985""=[Data was invalid (wrong format, wrong or unknown units, not parseable, or impossible value)] |""-9944""=[This element (question or variable) was not presented to user for collection (reason unspecified)]",,,,,,,
race_ethn_hispanic_detail_2___2,Please specify your origin,,boolean,,,"""0""=[(not selected) Puerto Rican] |""1""=[Puerto Rican] ","""-9999""=[Reason Unknown] |""-9960""=[This information was not provided by the originator (participant or sensor)] |""-9985""=[Data was invalid (wrong format, wrong or unknown units, not parseable, or impossible value)] |""-9944""=[This element (question or variable) was not presented to user for collection (reason unspecified)]",,,,,,,
race_ethn_hispanic_detail_2___3,Please specify your origin,,boolean,,,"""0""=[(not selected) Cuban] |""1""=[Cuban] ","""-9999""=[Reason Unknown] |""-9960""=[This information was not provided by the originator (participant or sensor)] |""-9985""=[Data was invalid (wrong format, wrong or unknown units, not parseable, or impossible value)] |""-9944""=[This element (question or variable) was not presented to user for collection (reason unspecified)]",,,,,,,
race_ethn_hispanic_detail_2___4,Please specify your origin,,boolean,,,"""0""=[(not selected) Another Hispanic, Latino, or Spanish origin] |""1""=[Another Hispanic, Latino, or Spanish origin] ","""-9999""=[Reason Unknown] |""-9960""=[This information was not provided by the originator (participant or sensor)] |""-9985""=[Data was invalid (wrong format, wrong or unknown units, not parseable, or impossible value)] |""-9944""=[This element (question or variable) was not presented to user for collection (reason unspecified)]",,,,,,,
race_ethn_islander_detail_2___14,What is your race? Mark one or more boxes AND print origins.,,boolean,,,"""0""=[(not selected) Other Pacific Islander] |""1""=[Other Pacific Islander] ","""-9999""=[Reason Unknown] |""-9960""=[This information was not provided by the originator (participant or sensor)] |""-9985""=[Data was invalid (wrong format, wrong or unknown units, not parseable, or impossible value)] |""-9944""=[This element (question or variable) was not presented to user for collection (reason unspecified)]",,,,,,,
recentmonth_covidtest_2,What month did you have your most recent COVID-19 test?,,int,,,"""1""=[January] |""10""=[October] |""11""=[November] |""12""=[December] |""2""=[February] |""3""=[March] |""4""=[April] |""5""=[May] |""6""=[June] |""7""=[July] |""8""=[August] |""9""=[September] |""99""=[Prefer not to answer] ","""-9999""=[Reason Unknown] |""-9960""=[This information was not provided by the originator (participant or sensor)] |""-9985""=[Data was invalid (wrong format, wrong or unknown units, not parseable, or impossible value)] |""-9944""=[This element (question or variable) was not presented to user for collection (reason unspecified)]",,,,,,,
recentresult_covidtest,What was the result of your most recent COVID-19 test?,,int,,,"""1""=[Negative] |""2""=[Positive] |""3""=[Never obtained results] |""4""=[Indeterminate] |""98""=[Don't know] |""99""=[Prefer not to answer] ","""-9999""=[Reason Unknown] |""-9960""=[This information was not provided by the originator (participant or sensor)] |""-9985""=[Data was invalid (wrong format, wrong or unknown units, not parseable, or impossible value)] |""-9944""=[This element (question or variable) was not presented to user for collection (reason unspecified)]",,,,,,,
recentyear_covidtest_3,What year did you have your most recent COVID-19 test?,,int,,,"""1""=[2019] |""2""=[2020] |""3""=[2021] |""4""=[2022] |""5""=[2023] |""6""=[2024] |""7""=[2025] |""99""=[Prefer not to answer] ","""-9999""=[Reason Unknown] |""-9960""=[This information was not provided by the originator (participant or sensor)] |""-9985""=[Data was invalid (wrong format, wrong or unknown units, not parseable, or impossible value)] |""-9944""=[This element (question or variable) was not presented to user for collection (reason unspecified)]",,,,,,,
redcap_event_name,REDCap event name used to label longitudinal data,,string,,,,"""-9999""=[Reason Unknown] |""-9960""=[This information was not provided by the originator (participant or sensor)] |""-9985""=[Data was invalid (wrong format, wrong or unknown units, not parseable, or impossible value)] |""-9944""=[This element (question or variable) was not presented to user for collection (reason unspecified)]",,,,,,,
redcap_repeat_instance,REDcap repeating instance counter for instruments,,string,,,,"""-9999""=[Reason Unknown] |""-9960""=[This information was not provided by the originator (participant or sensor)] |""-9985""=[Data was invalid (wrong format, wrong or unknown units, not parseable, or impossible value)] |""-9944""=[This element (question or variable) was not presented to user for collection (reason unspecified)]",,,,,,,
redcap_repeat_instrument,REDCap instrument that may be repeated,,string,,,,"""-9999""=[Reason Unknown] |""-9960""=[This information was not provided by the originator (participant or sensor)] |""-9985""=[Data was invalid (wrong format, wrong or unknown units, not parseable, or impossible value)] |""-9944""=[This element (question or variable) was not presented to user for collection (reason unspecified)]",,,,,,,
nih_disability,"Do you have a disability, including serious physical or mental conditions, that interfere with your ability to carry out daily activities?","NCIT:C21007
GSSO:001811
GSSO:001810",integer,,,"""0""=[No] |
""1""=[Yes] |
""97""=[Other] |
""98""=[Don’t know] |
""99""=[Prefer not to answer]","""-9999""=[Reason Unknown] |""-9960""=[This information was not provided by the originator (participant or sensor)] |""-9985""=[Data was invalid (wrong format, wrong or unknown units, not parseable, or impossible value)] |""-9944""=[This element (question or variable) was not presented to user for collection (reason unspecified)]",,,Disability Status,single,,,
nih_health_status,"Would you say that (your) health in general is excellent, very good, good, fair, or poor?",,integer,,,"""0""=[Excellent] |
""1""=[Very Good] |
""2""=[Good] |
""3""=[Fair] |
""4""=[Poor] |
""98""=[Don't know] |
""99""=[Prefer not to state]","""-9999""=[Reason Unknown] |""-9960""=[This information was not provided by the originator (participant or sensor)] |""-9985""=[Data was invalid (wrong format, wrong or unknown units, not parseable, or impossible value)] |""-9944""=[This element (question or variable) was not presented to user for collection (reason unspecified)]",,,Health Status,single,,,
self_reported_weight_units_2,Please choose the units you would like to use for weight,,int,,,"""1""=[Kilograms] |""2""=[Pounds] |""99""=[Prefer not to answer] ","""-9999""=[Reason Unknown] |""-9960""=[This information was not provided by the originator (participant or sensor)] |""-9985""=[Data was invalid (wrong format, wrong or unknown units, not parseable, or impossible value)] |""-9944""=[This element (question or variable) was not presented to user for collection (reason unspecified)]",,,,,,,
sex_orient_id,Which of the following best represents how you think of yourself at this time?,,int,,,"""1""=[Gay] |""2""=[Lesbian] |""3""=[Straight; that is, not gay or lesbian, etc.] |""4""=[Bisexual] |""96""=[None of these describe me] |""99""=[Prefer not to answer] ","""-9999""=[Reason Unknown] |""-9960""=[This information was not provided by the originator (participant or sensor)] |""-9985""=[Data was invalid (wrong format, wrong or unknown units, not parseable, or impossible value)] |""-9944""=[This element (question or variable) was not presented to user for collection (reason unspecified)]",,,,,,,
nih_history_smoking,History of Smoking,"NCIT:C173060
NCIT:C154329
NCIT:C17934",integer,,,"""0""=[No] |
""1""=[Yes] |
""97""=[Other] |
""98""=[Don’t know] |
""99""=[Prefer not to answer]","""-9999""=[Reason Unknown] |""-9960""=[This information was not provided by the originator (participant or sensor)] |""-9985""=[Data was invalid (wrong format, wrong or unknown units, not parseable, or impossible value)] |""-9944""=[This element (question or variable) was not presented to user for collection (reason unspecified)]",,,Medical History,single,,,
smoker_number,"If you smoke every day, on average, how many cigarettes per day do you smoke? ",,decimal,,,,"""-9999""=[Reason Unknown] |""-9960""=[This information was not provided by the originator (participant or sensor)] |""-9985""=[Data was invalid (wrong format, wrong or unknown units, not parseable, or impossible value)] |""-9944""=[This element (question or variable) was not presented to user for collection (reason unspecified)]",,,,,,,
sociodem_date_mdy,Date of Sociodemographic Data Collection,,dateTime,,,,"""-9999""=[Reason Unknown] |""-9960""=[This information was not provided by the originator (participant or sensor)] |""-9985""=[Data was invalid (wrong format, wrong or unknown units, not parseable, or impossible value)] |""-9944""=[This element (question or variable) was not presented to user for collection (reason unspecified)]",,,,,,,
sym_date_mdy,Date of Symptom Collection,,dateTime,,,,"""-9999""=[Reason Unknown] |""-9960""=[This information was not provided by the originator (participant or sensor)] |""-9985""=[Data was invalid (wrong format, wrong or unknown units, not parseable, or impossible value)] |""-9944""=[This element (question or variable) was not presented to user for collection (reason unspecified)]",,,,,,,
test_accesseasy_2,It is easy to get tested for COVID-19.,,int,,,"""0""=[Strongly disagree] |""1""=[Disagree] |""2""=[Neither disagree or agree] |""3""=[Agree] |""4""=[Strongly agree] |""99""=[Prefer not to answer] ","""-9999""=[Reason Unknown] |""-9960""=[This information was not provided by the originator (participant or sensor)] |""-9985""=[Data was invalid (wrong format, wrong or unknown units, not parseable, or impossible value)] |""-9944""=[This element (question or variable) was not presented to user for collection (reason unspecified)]",,,,,,,
test_accesswhere_2,I know where I can get COVID-19 testing in my community.,,int,,,"""0""=[Strongly disagree] |""1""=[Disagree] |""2""=[Neither disagree or agree] |""3""=[Agree] |""4""=[Strongly agree] |""99""=[Prefer not to answer] ","""-9999""=[Reason Unknown] |""-9960""=[This information was not provided by the originator (participant or sensor)] |""-9985""=[Data was invalid (wrong format, wrong or unknown units, not parseable, or impossible value)] |""-9944""=[This element (question or variable) was not presented to user for collection (reason unspecified)]",,,,,,,
test_date_mdy,Date of Testing Collection,,dateTime,,,,"""-9999""=[Reason Unknown] |""-9960""=[This information was not provided by the originator (participant or sensor)] |""-9985""=[Data was invalid (wrong format, wrong or unknown units, not parseable, or impossible value)] |""-9944""=[This element (question or variable) was not presented to user for collection (reason unspecified)]",,,,,,,
tested_for_covid,Have you ever been tested for COVID-19?,,int,,,"""1""=[Yes] |""2""=[No] |""98""=[Don't know] |""99""=[Prefer not to answer] ","""-9999""=[Reason Unknown] |""-9960""=[This information was not provided by the originator (participant or sensor)] |""-9985""=[Data was invalid (wrong format, wrong or unknown units, not parseable, or impossible value)] |""-9944""=[This element (question or variable) was not presented to user for collection (reason unspecified)]",,,,,,,
tested_positive_for_covid,Have you ever tested positive for COVID-19?,,int,,,"""1""=[Yes] |""2""=[No] |""98""=[Don't know] |""99""=[Prefer not to answer] ","""-9999""=[Reason Unknown] |""-9960""=[This information was not provided by the originator (participant or sensor)] |""-9985""=[Data was invalid (wrong format, wrong or unknown units, not parseable, or impossible value)] |""-9944""=[This element (question or variable) was not presented to user for collection (reason unspecified)]",,,,,,,
vacc_date_mdy,Date of Vaccine Acceptance Collection,,dateTime,,,,"""-9999""=[Reason Unknown] |""-9960""=[This information was not provided by the originator (participant or sensor)] |""-9985""=[Data was invalid (wrong format, wrong or unknown units, not parseable, or impossible value)] |""-9944""=[This element (question or variable) was not presented to user for collection (reason unspecified)]",,,,,,,
vaccine_avail,How likely are you to get an approved COVID-19 vaccine when it becomes available? ,,int,,,"""1""=[Very likely] |""2""=[Fairly likely] |""3""=[Not too likely] |""4""=[Not at all likely] |""5""=[Definitely not] |""97""=[Not applicable] |""98""=[Don't know] |""99""=[Prefer not to answer] ","""-9999""=[Reason Unknown] |""-9960""=[This information was not provided by the originator (participant or sensor)] |""-9985""=[Data was invalid (wrong format, wrong or unknown units, not parseable, or impossible value)] |""-9944""=[This element (question or variable) was not presented to user for collection (reason unspecified)]",,,,,,,
vaccine_concerns_3___1,Why would you NOT get a COVID-19 vaccine? ,,boolean,,,"""0""=[(not selected) I'm allergic to vaccines] |""1""=[I'm allergic to vaccines] ","""-9999""=[Reason Unknown] |""-9960""=[This information was not provided by the originator (participant or sensor)] |""-9985""=[Data was invalid (wrong format, wrong or unknown units, not parseable, or impossible value)] |""-9944""=[This element (question or variable) was not presented to user for collection (reason unspecified)]",,,,,,,
vaccine_concerns_3___10,Why would you NOT get a COVID-19 vaccine? ,,boolean,,,"""0""=[(not selected) Other] |""1""=[Other] ","""-9999""=[Reason Unknown] |""-9960""=[This information was not provided by the originator (participant or sensor)] |""-9985""=[Data was invalid (wrong format, wrong or unknown units, not parseable, or impossible value)] |""-9944""=[This element (question or variable) was not presented to user for collection (reason unspecified)]",,,,,,,
vaccine_concerns_3___2,Why would you NOT get a COVID-19 vaccine? ,,boolean,,,"""0""=[(not selected) I don't like needles] |""1""=[I don't like needles] ","""-9999""=[Reason Unknown] |""-9960""=[This information was not provided by the originator (participant or sensor)] |""-9985""=[Data was invalid (wrong format, wrong or unknown units, not parseable, or impossible value)] |""-9944""=[This element (question or variable) was not presented to user for collection (reason unspecified)]",,,,,,,
vaccine_concerns_3___3,Why would you NOT get a COVID-19 vaccine? ,,boolean,,,"""0""=[(not selected) I'm not concerned about getting really sick from COVID-19] |""1""=[I'm not concerned about getting really sick from COVID-19] ","""-9999""=[Reason Unknown] |""-9960""=[This information was not provided by the originator (participant or sensor)] |""-9985""=[Data was invalid (wrong format, wrong or unknown units, not parseable, or impossible value)] |""-9944""=[This element (question or variable) was not presented to user for collection (reason unspecified)]",,,,,,,
vaccine_concerns_3___4,Why would you NOT get a COVID-19 vaccine? ,,boolean,,,"""0""=[(not selected) I'm concerned about side effects from the vaccine] |""1""=[I'm concerned about side effects from the vaccine] ","""-9999""=[Reason Unknown] |""-9960""=[This information was not provided by the originator (participant or sensor)] |""-9985""=[Data was invalid (wrong format, wrong or unknown units, not parseable, or impossible value)] |""-9944""=[This element (question or variable) was not presented to user for collection (reason unspecified)]",,,,,,,
vaccine_concerns_3___5,Why would you NOT get a COVID-19 vaccine? ,,boolean,,,"""0""=[(not selected) I don't think vaccines work very well] |""1""=[I don't think vaccines work very well] ","""-9999""=[Reason Unknown] |""-9960""=[This information was not provided by the originator (participant or sensor)] |""-9985""=[Data was invalid (wrong format, wrong or unknown units, not parseable, or impossible value)] |""-9944""=[This element (question or variable) was not presented to user for collection (reason unspecified)]",,,,,,,
vaccine_concerns_3___6,Why would you NOT get a COVID-19 vaccine? ,,boolean,,,"""0""=[(not selected) I don't trust that the vaccine will be safe] |""1""=[I don't trust that the vaccine will be safe] ","""-9999""=[Reason Unknown] |""-9960""=[This information was not provided by the originator (participant or sensor)] |""-9985""=[Data was invalid (wrong format, wrong or unknown units, not parseable, or impossible value)] |""-9944""=[This element (question or variable) was not presented to user for collection (reason unspecified)]",,,,,,,
vaccine_concerns_3___7,Why would you NOT get a COVID-19 vaccine? ,,boolean,,,"""0""=[(not selected) I don't believe the COVID-19 pandemic is as bad as some people say it is] |""1""=[I don't believe the COVID-19 pandemic is as bad as some people say it is] ","""-9999""=[Reason Unknown] |""-9960""=[This information was not provided by the originator (participant or sensor)] |""-9985""=[Data was invalid (wrong format, wrong or unknown units, not parseable, or impossible value)] |""-9944""=[This element (question or variable) was not presented to user for collection (reason unspecified)]",,,,,,,
vaccine_concerns_3___8,Why would you NOT get a COVID-19 vaccine? ,,boolean,,,"""0""=[(not selected) I don't want to pay for it] |""1""=[I don't want to pay for it] ","""-9999""=[Reason Unknown] |""-9960""=[This information was not provided by the originator (participant or sensor)] |""-9985""=[Data was invalid (wrong format, wrong or unknown units, not parseable, or impossible value)] |""-9944""=[This element (question or variable) was not presented to user for collection (reason unspecified)]",,,,,,,
vaccine_concerns_3___9,Why would you NOT get a COVID-19 vaccine? ,,boolean,,,"""0""=[(not selected) I don't know enough about how well a COVID-19 vaccine works] |""1""=[I don't know enough about how well a COVID-19 vaccine works] ","""-9999""=[Reason Unknown] |""-9960""=[This information was not provided by the originator (participant or sensor)] |""-9985""=[Data was invalid (wrong format, wrong or unknown units, not parseable, or impossible value)] |""-9944""=[This element (question or variable) was not presented to user for collection (reason unspecified)]",,,,,,,
vaccine_reasons_3___1,Why would you get a COVID-19 vaccine?,,boolean,,,"""0""=[(not selected) I want to keep my family safe] |""1""=[I want to keep my family safe] ","""-9999""=[Reason Unknown] |""-9960""=[This information was not provided by the originator (participant or sensor)] |""-9985""=[Data was invalid (wrong format, wrong or unknown units, not parseable, or impossible value)] |""-9944""=[This element (question or variable) was not presented to user for collection (reason unspecified)]",,,,,,,
vaccine_reasons_3___2,Why would you get a COVID-19 vaccine?,,boolean,,,"""0""=[(not selected) I want to keep my community safe] |""1""=[I want to keep my community safe] ","""-9999""=[Reason Unknown] |""-9960""=[This information was not provided by the originator (participant or sensor)] |""-9985""=[Data was invalid (wrong format, wrong or unknown units, not parseable, or impossible value)] |""-9944""=[This element (question or variable) was not presented to user for collection (reason unspecified)]",,,,,,,
vaccine_reasons_3___3,Why would you get a COVID-19 vaccine?,,boolean,,,"""0""=[(not selected) I want to keep myself safe] |""1""=[I want to keep myself safe] ","""-9999""=[Reason Unknown] |""-9960""=[This information was not provided by the originator (participant or sensor)] |""-9985""=[Data was invalid (wrong format, wrong or unknown units, not parseable, or impossible value)] |""-9944""=[This element (question or variable) was not presented to user for collection (reason unspecified)]",,,,,,,
vaccine_reasons_3___4,Why would you get a COVID-19 vaccine?,,boolean,,,"""0""=[(not selected) I have a chronic health problem, like asthma or diabetes] |""1""=[I have a chronic health problem, like asthma or diabetes] ","""-9999""=[Reason Unknown] |""-9960""=[This information was not provided by the originator (participant or sensor)] |""-9985""=[Data was invalid (wrong format, wrong or unknown units, not parseable, or impossible value)] |""-9944""=[This element (question or variable) was not presented to user for collection (reason unspecified)]",,,,,,,
vaccine_reasons_3___5,Why would you get a COVID-19 vaccine?,,boolean,,,"""0""=[(not selected) My doctor told me to get a COVID-19 vaccine] |""1""=[My doctor told me to get a COVID-19 vaccine] ","""-9999""=[Reason Unknown] |""-9960""=[This information was not provided by the originator (participant or sensor)] |""-9985""=[Data was invalid (wrong format, wrong or unknown units, not parseable, or impossible value)] |""-9944""=[This element (question or variable) was not presented to user for collection (reason unspecified)]",,,,,,,
vaccine_reasons_3___6,Why would you get a COVID-19 vaccine?,,boolean,,,"""0""=[(not selected) I don't want to get really sick from COVID-19] |""1""=[I don't want to get really sick from COVID-19] ","""-9999""=[Reason Unknown] |""-9960""=[This information was not provided by the originator (participant or sensor)] |""-9985""=[Data was invalid (wrong format, wrong or unknown units, not parseable, or impossible value)] |""-9944""=[This element (question or variable) was not presented to user for collection (reason unspecified)]",,,,,,,
vaccine_reasons_3___7,Why would you get a COVID-19 vaccine?,,boolean,,,"""0""=[(not selected) I want to feel safe around other people] |""1""=[I want to feel safe around other people] ","""-9999""=[Reason Unknown] |""-9960""=[This information was not provided by the originator (participant or sensor)] |""-9985""=[Data was invalid (wrong format, wrong or unknown units, not parseable, or impossible value)] |""-9944""=[This element (question or variable) was not presented to user for collection (reason unspecified)]",,,,,,,
vaccine_reasons_3___8,Why would you get a COVID-19 vaccine?,,boolean,,,"""0""=[(not selected) I believe life won't go back to normal until most people get a COVID-19 vaccine] |""1""=[I believe life won't go back to normal until most people get a COVID-19 vaccine] ","""-9999""=[Reason Unknown] |""-9960""=[This information was not provided by the originator (participant or sensor)] |""-9985""=[Data was invalid (wrong format, wrong or unknown units, not parseable, or impossible value)] |""-9944""=[This element (question or variable) was not presented to user for collection (reason unspecified)]",,,,,,,
vaccine_reasons_3___9,Why would you get a COVID-19 vaccine?,,boolean,,,"""0""=[(not selected) Other] |""1""=[Other] ","""-9999""=[Reason Unknown] |""-9960""=[This information was not provided by the originator (participant or sensor)] |""-9985""=[Data was invalid (wrong format, wrong or unknown units, not parseable, or impossible value)] |""-9944""=[This element (question or variable) was not presented to user for collection (reason unspecified)]",,,,,,,
nih_vape_freq,"Vaping Frequency: Do you now use electronic cigarettes every day, some days, rarely, or not at all?","NCIT:C173621
NCIT:C120482
NCIT:C68751
NCIT:C173060",integer,,,"""0""=[Not at all] |
""1""=[Rarely] |
""2""=[Some Days] |
""3""=[Every Day] |
""98""=[Don't know] |
""99""=[Prefer not to answer]","""-9999""=[Reason Unknown] |""-9960""=[This information was not provided by the originator (participant or sensor)] |""-9985""=[Data was invalid (wrong format, wrong or unknown units, not parseable, or impossible value)] |""-9944""=[This element (question or variable) was not presented to user for collection (reason unspecified)]",,,Medical History,single,,,
work_closecont_2,Does your work require you to be in close contact (i.e. within 6 ft) with others?,,int,,,"""1""=[Yes, all of the time] |""2""=[Yes, most of the time] |""3""=[Some of the time] |""4""=[Rarely] |""5""=[Not at all] |""99""=[Prefer not to answer] ","""-9999""=[Reason Unknown] |""-9960""=[This information was not provided by the originator (participant or sensor)] |""-9985""=[Data was invalid (wrong format, wrong or unknown units, not parseable, or impossible value)] |""-9944""=[This element (question or variable) was not presented to user for collection (reason unspecified)]",,,,,,,
work_ppe_2,"In your workplace, do you have access to necessary personal protective equipment (PPE)? ",,int,,,"""1""=[Yes, all of the time] |""2""=[Yes, most of the time] |""3""=[Some of the time] |""4""=[Rarely] |""5""=[Not at all] |""6""=[Not applicable] |""99""=[Prefer not to answer] ","""-9999""=[Reason Unknown] |""-9960""=[This information was not provided by the originator (participant or sensor)] |""-9985""=[Data was invalid (wrong format, wrong or unknown units, not parseable, or impossible value)] |""-9944""=[This element (question or variable) was not presented to user for collection (reason unspecified)]",,,,,,,
work_ppe_date_mdy,Date of Work PPE and Distancing Collection,,dateTime,,,,"""-9999""=[Reason Unknown] |""-9960""=[This information was not provided by the originator (participant or sensor)] |""-9985""=[Data was invalid (wrong format, wrong or unknown units, not parseable, or impossible value)] |""-9944""=[This element (question or variable) was not presented to user for collection (reason unspecified)]",,,,,,,
work_wash_2,"In your workplace, do you have access to necessary facilities to wash?",,int,,,"""1""=[Yes, all of the time] |""2""=[Yes, most of the time] |""3""=[Some of the time] |""4""=[Rarely] |""5""=[Not at all] |""99""=[Prefer not to answer] ","""-9999""=[Reason Unknown] |""-9960""=[This information was not provided by the originator (participant or sensor)] |""-9985""=[Data was invalid (wrong format, wrong or unknown units, not parseable, or impossible value)] |""-9944""=[This element (question or variable) was not presented to user for collection (reason unspecified)]",,,,,,,
nih_zip,What is your zip code?,"NCIT:C25720
NCIT:C25621
IAO:0000646",string,,,,"""-9999""=[Reason Unknown] |""-9960""=[This information was not provided by the originator (participant or sensor)] |""-9985""=[Data was invalid (wrong format, wrong or unknown units, not parseable, or impossible value)] |""-9944""=[This element (question or variable) was not presented to user for collection (reason unspecified)]",,,Domicile,single,,,
nih_weight,What is your weight in pounds?,,integer,,pound,,"""-9999""=[Reason Unknown] |""-9960""=[This information was not provided by the originator (participant or sensor)] |""-9985""=[Data was invalid (wrong format, wrong or unknown units, not parseable, or impossible value)] |""-9944""=[This element (question or variable) was not presented to user for collection (reason unspecified)]",,,Health Status,single,,,
nih_height,What is your height in inches?,,integer,,inch,,"""-9999""=[Reason Unknown] |""-9960""=[This information was not provided by the originator (participant or sensor)] |""-9985""=[Data was invalid (wrong format, wrong or unknown units, not parseable, or impossible value)] |""-9944""=[This element (question or variable) was not presented to user for collection (reason unspecified)]",,,Health Status,single,,,
nih_race,What is your race?,"NCIT:C17049
GSSO:002199",integer,,,"""0""=[American Indian or Alaska Native] |
""1""=[Black or African American] |
""2""=[Asian] |
""3""=[Native Hawaiian or Other Pacific Islander] |
""4""=[White] |
""5""=[Middle Eastern or North African] |
""6""=[Two or more races] |
""97""=[Some other race] |
""98""=[Do not know] |
""99""=[Prefer not to answer]","""-9999""=[Reason Unknown] |""-9960""=[This information was not provided by the originator (participant or sensor)] |""-9985""=[Data was invalid (wrong format, wrong or unknown units, not parseable, or impossible value)] |""-9944""=[This element (question or variable) was not presented to user for collection (reason unspecified)]",,,Race,single,,,
nih_alcohol_yn,Alcohol use (Yes or No),"GSSO:006602
NCIT:C81229
NCIT:C16273",integer,,,"""0""=[No] |
""1""=[Yes] |
""97""=[Other] |
""98""=[Don’t know] |
""99""=[Prefer not to answer]","""-9999""=[Reason Unknown] |""-9960""=[This information was not provided by the originator (participant or sensor)] |""-9985""=[Data was invalid (wrong format, wrong or unknown units, not parseable, or impossible value)] |""-9944""=[This element (question or variable) was not presented to user for collection (reason unspecified)]",,,Medical History,single,,,
nih_cig_smoke_freq,Nicotine Frequency: Do you now smoke cigarettes?,"NCIT:C19796
NCIT:C68751
NCIT:C173060",integer,,,"""0""=[Not at all] |
""1""=[Rarely] |
""2""=[Some Days] |
""3""=[Every Day] |
""98""=[Don't know] |
""99""=[Prefer not to answer]","""-9999""=[Reason Unknown] |""-9960""=[This information was not provided by the originator (participant or sensor)] |""-9985""=[Data was invalid (wrong format, wrong or unknown units, not parseable, or impossible value)] |""-9944""=[This element (question or variable) was not presented to user for collection (reason unspecified)]",,,Medical History,single,,,
nih_smoking_yn,"Do you use any tobacco/nicotine products (including cigarettes, cigars, e-cigarettes, etc)?","NCIT:C68751
NCIT:C173060",integer,,,"""0""=[No] |
""1""=[Yes] |
""97""=[Other] |
""98""=[Don’t know] |
""99""=[Prefer not to answer]","""-9999""=[Reason Unknown] |""-9960""=[This information was not provided by the originator (participant or sensor)] |""-9985""=[Data was invalid (wrong format, wrong or unknown units, not parseable, or impossible value)] |""-9944""=[This element (question or variable) was not presented to user for collection (reason unspecified)]",,,Medical History,single,,,
